baselineTime,timeMetric,baselineHazard
h1,years,Ę0.0000306623
h2,years,Ę0.0000332830
h3,years,Ę0.0000387073
h4,years,Ę0.0000367520
h5,years,Ę0.0000364115